{
  "fieldSets": [
    {
      "label": "Collection",
      "fields": [
        {
          "label": "Default collection",
          "name": "collection",
          "type": "collectionSelector"
        },
        {
          "label": "Use collection",
          "name": "useCollection",
          "type": "checkbox",
          "defaultValue": true,
          "description": "If true, the collection will be used to populate the section, if false, the section will be populated with the mock events"
        }
      ]
    }
  ]
}