{
  "fieldSets": [
    {
      "fields": [
        {
          "dataType": "string",
          "defaultValue": "dark",
          "label": "Theme Variant",
          "name": "themeVariant",
          "type": "select",
          "typeOptions": {
            "validValues": [
              {
                "label": "Dark (Default)",
                "value": "dark"
              },
              {
                "label": "Light",
                "value": "light"
              },
              {
                "label": "Mystical",
                "value": "mystical"
              }
            ]
          }
        }
      ],
      "label": "Hero Banner Settings"
    }
  ]
}